{
	"configs" : [
		{
			"remarks" : "",
			"id" : "00502977CCE566B826D74186E8C01C44",
			"server" : "server host",
			"server_port" : 8388,
			"server_udp_port" : 0,
			"password" : "0",
			"method" : "aes-256-cfb",
			"protocol" : "origin",
			"protocolparam" : "",
			"obfs" : "plain",
			"obfsparam" : "",
			"remarks_base64" : "",
			"group" : "FreeSSR-public",
			"enable" : true,
			"udp_over_tcp" : false,
			"latency" : -2
		},
		{
			"remarks" : "剩余流量：95.32GB",
			"id" : "C2071CFB6E6C3310FF48483AF30E21B0",
			"server" : "scto04.xyz",
			"server_port" : 10086,
			"server_udp_port" : 0,
			"password" : "LwkDO7",
			"method" : "chacha20-ietf",
			"protocol" : "origin",
			"protocolparam" : "",
			"obfs" : "plain",
			"obfsparam" : "",
			"remarks_base64" : "5Ymp5L2Z5rWB6YeP77yaOTUuMzJHQg",
			"group" : "古歌云SCTO",
			"enable" : true,
			"udp_over_tcp" : false,
			"latency" : -2
		},
		{
			"remarks" : "A最新域名 scto04.xyz | 不是节点请切换",
			"id" : "8449311E5FB563B904549CA64E44ACAA",
			"server" : "github.com/PermanentWebsite/lighthouse",
			"server_port" : 448,
			"server_udp_port" : 0,
			"password" : "IlIIlIllIlIIlIll",
			"method" : "chacha20-ietf",
			"protocol" : "auth_aes128_md5",
			"protocolparam" : "32980:LwkDO7",
			"obfs" : "http_simple",
			"obfsparam" : "11cba32980.189.cn",
			"remarks_base64" : "QeacgOaWsOWfn-WQjSBzY3RvMDQueHl6IHwg5LiN5piv6IqC54K56K-35YiH5o2i",
			"group" : "古歌云SCTO",
			"enable" : true,
			"udp_over_tcp" : false,
			"latency" : -2
		},
		{
			"remarks" : "HK Pro 01 | 倍率 3x",
			"id" : "850A70256A17E574704FCDE85DCB3A5C",
			"server" : "hk.relay.1qaz.fast-everyday.xyz",
			"server_port" : 4101,
			"server_udp_port" : 0,
			"password" : "IlIIlIllIlIIlIll",
			"method" : "chacha20-ietf",
			"protocol" : "auth_aes128_md5",
			"protocolparam" : "32980:LwkDO7",
			"obfs" : "http_simple",
			"obfsparam" : "11cba32980.189.cn",
			"remarks_base64" : "SEsgUHJvIDAxIHwg5YCN546HIDN4",
			"group" : "古歌云SCTO",
			"enable" : true,
			"udp_over_tcp" : false,
			"latency" : 48
		},
		{
			"remarks" : "HK Pro 02 | 倍率 3x",
			"id" : "877FD01286D2B521994D7FD784556616",
			"server" : "hk.relay.2wsx.fast-everyday.xyz",
			"server_port" : 4102,
			"server_udp_port" : 0,
			"password" : "IlIIlIllIlIIlIll",
			"method" : "chacha20-ietf",
			"protocol" : "auth_aes128_md5",
			"protocolparam" : "32980:LwkDO7",
			"obfs" : "http_simple",
			"obfsparam" : "11cba32980.189.cn",
			"remarks_base64" : "SEsgUHJvIDAyIHwg5YCN546HIDN4",
			"group" : "古歌云SCTO",
			"enable" : true,
			"udp_over_tcp" : false,
			"latency" : 43
		},
		{
			"remarks" : "HK Pro 03 | 倍率 3x",
			"id" : "0B7F8D7953A7F6A5610753614FA5EF44",
			"server" : "hk.relay.3edc.fast-everyday.xyz",
			"server_port" : 4103,
			"server_udp_port" : 0,
			"password" : "IlIIlIllIlIIlIll",
			"method" : "chacha20-ietf",
			"protocol" : "auth_aes128_md5",
			"protocolparam" : "32980:LwkDO7",
			"obfs" : "http_simple",
			"obfsparam" : "11cba32980.189.cn",
			"remarks_base64" : "SEsgUHJvIDAzIHwg5YCN546HIDN4",
			"group" : "古歌云SCTO",
			"enable" : true,
			"udp_over_tcp" : false,
			"latency" : 66
		},
		{
			"remarks" : "HK Pro 04 | 倍率 3x",
			"id" : "4C2784D45D1A0372A9BBEA8B75CAFB44",
			"server" : "hk.relay.4rfv.fast-everyday.xyz",
			"server_port" : 4104,
			"server_udp_port" : 0,
			"password" : "IlIIlIllIlIIlIll",
			"method" : "chacha20-ietf",
			"protocol" : "auth_aes128_md5",
			"protocolparam" : "32980:LwkDO7",
			"obfs" : "http_simple",
			"obfsparam" : "11cba32980.189.cn",
			"remarks_base64" : "SEsgUHJvIDA0IHwg5YCN546HIDN4",
			"group" : "古歌云SCTO",
			"enable" : true,
			"udp_over_tcp" : false,
			"latency" : 56
		},
		{
			"remarks" : "HK Pro 05 | 倍率 3x",
			"id" : "8B61CFA40DD2CFF6779A5D19E8662D12",
			"server" : "hk.relay.5tgb.fast-everyday.xyz",
			"server_port" : 4105,
			"server_udp_port" : 0,
			"password" : "IlIIlIllIlIIlIll",
			"method" : "chacha20-ietf",
			"protocol" : "auth_aes128_md5",
			"protocolparam" : "32980:LwkDO7",
			"obfs" : "http_simple",
			"obfsparam" : "11cba32980.189.cn",
			"remarks_base64" : "SEsgUHJvIDA1IHwg5YCN546HIDN4",
			"group" : "古歌云SCTO",
			"enable" : true,
			"udp_over_tcp" : false,
			"latency" : 69
		},
		{
			"remarks" : "HK Pro 06 | Media | 倍率 3x",
			"id" : "4BBDC4EC65C6994C4101A01740AF321A",
			"server" : "hk.relay.6yhn.fast-everyday.xyz",
			"server_port" : 4106,
			"server_udp_port" : 0,
			"password" : "IlIIlIllIlIIlIll",
			"method" : "chacha20-ietf",
			"protocol" : "auth_aes128_md5",
			"protocolparam" : "32980:LwkDO7",
			"obfs" : "http_simple",
			"obfsparam" : "11cba32980.189.cn",
			"remarks_base64" : "SEsgUHJvIDA2IHwgTWVkaWEgfCDlgI3njocgM3g",
			"group" : "古歌云SCTO",
			"enable" : true,
			"udp_over_tcp" : false,
			"latency" : 71
		},
		{
			"remarks" : "HK Pro 07 | Media | 倍率 3x",
			"id" : "E385FD45008EE92E66A866AB27B2A0C3",
			"server" : "hk.relay.7ujm.fast-everyday.xyz",
			"server_port" : 4107,
			"server_udp_port" : 0,
			"password" : "IlIIlIllIlIIlIll",
			"method" : "chacha20-ietf",
			"protocol" : "auth_aes128_md5",
			"protocolparam" : "32980:LwkDO7",
			"obfs" : "http_simple",
			"obfsparam" : "11cba32980.189.cn",
			"remarks_base64" : "SEsgUHJvIDA3IHwgTWVkaWEgfCDlgI3njocgM3g",
			"group" : "古歌云SCTO",
			"enable" : true,
			"udp_over_tcp" : false,
			"latency" : 76
		},
		{
			"remarks" : "HK Pro 08 | Media | 倍率 3x",
			"id" : "5827B68C9631D7D2302AC2D5280654CC",
			"server" : "hk.relay.8ikm.fast-everyday.xyz",
			"server_port" : 4108,
			"server_udp_port" : 0,
			"password" : "IlIIlIllIlIIlIll",
			"method" : "chacha20-ietf",
			"protocol" : "auth_aes128_md5",
			"protocolparam" : "32980:LwkDO7",
			"obfs" : "http_simple",
			"obfsparam" : "11cba32980.189.cn",
			"remarks_base64" : "SEsgUHJvIDA4IHwgTWVkaWEgfCDlgI3njocgM3g",
			"group" : "古歌云SCTO",
			"enable" : true,
			"udp_over_tcp" : false,
			"latency" : 57
		},
		{
			"remarks" : "HK Pro 09 | Media | 倍率 3x",
			"id" : "474F4F8BAEDCD34BB04C8CC21FFE54C0",
			"server" : "hk.relay.9olm.fast-everyday.xyz",
			"server_port" : 4109,
			"server_udp_port" : 0,
			"password" : "IlIIlIllIlIIlIll",
			"method" : "chacha20-ietf",
			"protocol" : "auth_aes128_md5",
			"protocolparam" : "32980:LwkDO7",
			"obfs" : "http_simple",
			"obfsparam" : "11cba32980.189.cn",
			"remarks_base64" : "SEsgUHJvIDA5IHwgTWVkaWEgfCDlgI3njocgM3g",
			"group" : "古歌云SCTO",
			"enable" : true,
			"udp_over_tcp" : false,
			"latency" : 61
		},
		{
			"remarks" : "HK Pro 10 | Media | 倍率 3x",
			"id" : "3553C6B15354911AA75F7F4D6BD19F3A",
			"server" : "hk.relay.10qp.fast-everyday.xyz",
			"server_port" : 4110,
			"server_udp_port" : 0,
			"password" : "IlIIlIllIlIIlIll",
			"method" : "chacha20-ietf",
			"protocol" : "auth_aes128_md5",
			"protocolparam" : "32980:LwkDO7",
			"obfs" : "http_simple",
			"obfsparam" : "11cba32980.189.cn",
			"remarks_base64" : "SEsgUHJvIDEwIHwgTWVkaWEgfCDlgI3njocgM3g",
			"group" : "古歌云SCTO",
			"enable" : true,
			"udp_over_tcp" : false,
			"latency" : 59
		},
		{
			"remarks" : "JP Pro 01 | Netflix | 倍率 3x",
			"id" : "78A030B92C54A1B500F0AE81EA228715",
			"server" : "jp.relay.zaq1.fast-everyday.xyz",
			"server_port" : 4201,
			"server_udp_port" : 0,
			"password" : "IlIIlIllIlIIlIll",
			"method" : "chacha20-ietf",
			"protocol" : "auth_aes128_md5",
			"protocolparam" : "32980:LwkDO7",
			"obfs" : "http_simple",
			"obfsparam" : "11cba32980.189.cn",
			"remarks_base64" : "SlAgUHJvIDAxIHwgTmV0ZmxpeCB8IOWAjeeOhyAzeA",
			"group" : "古歌云SCTO",
			"enable" : true,
			"udp_over_tcp" : false,
			"latency" : 55
		},
		{
			"remarks" : "JP Pro 02 | Netflix | 倍率 3x",
			"id" : "B9E078F5A40231A4614CA60D07314866",
			"server" : "jp.relay.xsw2.fast-everyday.xyz",
			"server_port" : 4202,
			"server_udp_port" : 0,
			"password" : "IlIIlIllIlIIlIll",
			"method" : "chacha20-ietf",
			"protocol" : "auth_aes128_md5",
			"protocolparam" : "32980:LwkDO7",
			"obfs" : "http_simple",
			"obfsparam" : "11cba32980.189.cn",
			"remarks_base64" : "SlAgUHJvIDAyIHwgTmV0ZmxpeCB8IOWAjeeOhyAzeA",
			"group" : "古歌云SCTO",
			"enable" : true,
			"udp_over_tcp" : false,
			"latency" : 50
		},
		{
			"remarks" : "JP Pro 03 | Netflix | 倍率 3x",
			"id" : "158B8DBBECA6BB7D1C9DE22252531E1B",
			"server" : "jp.relay.cde3.fast-everyday.xyz",
			"server_port" : 4203,
			"server_udp_port" : 0,
			"password" : "IlIIlIllIlIIlIll",
			"method" : "chacha20-ietf",
			"protocol" : "auth_aes128_md5",
			"protocolparam" : "32980:LwkDO7",
			"obfs" : "http_simple",
			"obfsparam" : "11cba32980.189.cn",
			"remarks_base64" : "SlAgUHJvIDAzIHwgTmV0ZmxpeCB8IOWAjeeOhyAzeA",
			"group" : "古歌云SCTO",
			"enable" : true,
			"udp_over_tcp" : false,
			"latency" : 52
		},
		{
			"remarks" : "JP Pro 04 | Netflix | 倍率 3x",
			"id" : "E76891FE9DBDE9446699327FF889D23B",
			"server" : "jp.relay.vfr4.fast-everyday.xyz",
			"server_port" : 4204,
			"server_udp_port" : 0,
			"password" : "IlIIlIllIlIIlIll",
			"method" : "chacha20-ietf",
			"protocol" : "auth_aes128_md5",
			"protocolparam" : "32980:LwkDO7",
			"obfs" : "http_simple",
			"obfsparam" : "11cba32980.189.cn",
			"remarks_base64" : "SlAgUHJvIDA0IHwgTmV0ZmxpeCB8IOWAjeeOhyAzeA",
			"group" : "古歌云SCTO",
			"enable" : true,
			"udp_over_tcp" : false,
			"latency" : 58
		},
		{
			"remarks" : "SG Pro 01 | 倍率 2x",
			"id" : "BF6E0CEE84C18FEFADC8A45F9A4D58EB",
			"server" : "sg.relay.1qwe.fast-everyday.xyz",
			"server_port" : 4501,
			"server_udp_port" : 0,
			"password" : "IlIIlIllIlIIlIll",
			"method" : "chacha20-ietf",
			"protocol" : "auth_aes128_md5",
			"protocolparam" : "32980:LwkDO7",
			"obfs" : "http_simple",
			"obfsparam" : "11cba32980.189.cn",
			"remarks_base64" : "U0cgUHJvIDAxIHwg5YCN546HIDJ4",
			"group" : "古歌云SCTO",
			"enable" : true,
			"udp_over_tcp" : false,
			"latency" : 59
		},
		{
			"remarks" : "SG Pro 02 | Media | 倍率 2x",
			"id" : "63EAD78F543CA9284F4851539E417A74",
			"server" : "sg.relay.2asd.fast-everyday.xyz",
			"server_port" : 4502,
			"server_udp_port" : 0,
			"password" : "IlIIlIllIlIIlIll",
			"method" : "chacha20-ietf",
			"protocol" : "auth_aes128_md5",
			"protocolparam" : "32980:LwkDO7",
			"obfs" : "http_simple",
			"obfsparam" : "11cba32980.189.cn",
			"remarks_base64" : "U0cgUHJvIDAyIHwgTWVkaWEgfCDlgI3njocgMng",
			"group" : "古歌云SCTO",
			"enable" : true,
			"udp_over_tcp" : false,
			"latency" : 43
		},
		{
			"remarks" : "TW Pro 01 | Netflix | 倍率 2x",
			"id" : "6E2BA3CAE17E6B0F4140A25DE80EE67A",
			"server" : "tw.relay.1aqz.fast-everyday.xyz",
			"server_port" : 4451,
			"server_udp_port" : 0,
			"password" : "IlIIlIllIlIIlIll",
			"method" : "chacha20-ietf",
			"protocol" : "auth_aes128_md5",
			"protocolparam" : "32980:LwkDO7",
			"obfs" : "http_simple",
			"obfsparam" : "11cba32980.189.cn",
			"remarks_base64" : "VFcgUHJvIDAxIHwgTmV0ZmxpeCB8IOWAjeeOhyAyeA",
			"group" : "古歌云SCTO",
			"enable" : true,
			"udp_over_tcp" : false,
			"latency" : 49
		},
		{
			"remarks" : "TW Pro 02 | Netflix | 倍率 2x",
			"id" : "976726EFBF9E63BC6F2691CD58B0FACB",
			"server" : "tw.relay.2swx.fast-everyday.xyz",
			"server_port" : 4452,
			"server_udp_port" : 0,
			"password" : "IlIIlIllIlIIlIll",
			"method" : "chacha20-ietf",
			"protocol" : "auth_aes128_md5",
			"protocolparam" : "32980:LwkDO7",
			"obfs" : "http_simple",
			"obfsparam" : "11cba32980.189.cn",
			"remarks_base64" : "VFcgUHJvIDAyIHwgTmV0ZmxpeCB8IOWAjeeOhyAyeA",
			"group" : "古歌云SCTO",
			"enable" : true,
			"udp_over_tcp" : false,
			"latency" : 51
		},
		{
			"remarks" : "US Pro 01 | 倍率 2x",
			"id" : "F71CC0699AB98CDC1DCD0EF6FDB068F0",
			"server" : "us.relay.1qsc.fast-everyday.xyz",
			"server_port" : 4301,
			"server_udp_port" : 0,
			"password" : "IlIIlIllIlIIlIll",
			"method" : "chacha20-ietf",
			"protocol" : "auth_aes128_md5",
			"protocolparam" : "32980:LwkDO7",
			"obfs" : "http_simple",
			"obfsparam" : "11cba32980.189.cn",
			"remarks_base64" : "VVMgUHJvIDAxIHwg5YCN546HIDJ4",
			"group" : "古歌云SCTO",
			"enable" : true,
			"udp_over_tcp" : false,
			"latency" : 52
		},
		{
			"remarks" : "US Pro 02 | 倍率 2x",
			"id" : "FE4FF92C461A57AD5376EC179CBC6E6A",
			"server" : "us.relay.2wdv.fast-everyday.xyz",
			"server_port" : 4302,
			"server_udp_port" : 0,
			"password" : "IlIIlIllIlIIlIll",
			"method" : "chacha20-ietf",
			"protocol" : "auth_aes128_md5",
			"protocolparam" : "32980:LwkDO7",
			"obfs" : "http_simple",
			"obfsparam" : "11cba32980.189.cn",
			"remarks_base64" : "VVMgUHJvIDAyIHwg5YCN546HIDJ4",
			"group" : "古歌云SCTO",
			"enable" : true,
			"udp_over_tcp" : false,
			"latency" : 57
		},
		{
			"remarks" : "泰国 IEPL 01 | 倍率 5x |",
			"id" : "71370CAFC286B5238EB21CEB91D0F86B",
			"server" : "sz-hk.iepl.0000.fast-everyday.xyz",
			"server_port" : 6841,
			"server_udp_port" : 0,
			"password" : "IlIIlIllIlIIlIll",
			"method" : "chacha20-ietf",
			"protocol" : "auth_aes128_md5",
			"protocolparam" : "32980:LwkDO7",
			"obfs" : "http_simple",
			"obfsparam" : "11cba32980.189.cn",
			"remarks_base64" : "5rOw5Zu9IElFUEwgMDEgfCDlgI3njocgNXggfA",
			"group" : "古歌云SCTO",
			"enable" : true,
			"udp_over_tcp" : false,
			"latency" : 185
		},
		{
			"remarks" : "香港 IEPL HKBN | Netflix | 倍率 5x",
			"id" : "AD8B29BB859218BD7A727F166E922964",
			"server" : "sz-hk.iepl.0010.fast-everyday.xyz",
			"server_port" : 8211,
			"server_udp_port" : 0,
			"password" : "IlIIlIllIlIIlIll",
			"method" : "chacha20-ietf",
			"protocol" : "auth_aes128_md5",
			"protocolparam" : "32980:LwkDO7",
			"obfs" : "http_simple",
			"obfsparam" : "11cba32980.189.cn",
			"remarks_base64" : "6aaZ5rivIElFUEwgSEtCTiB8IE5ldGZsaXggfCDlgI3njocgNXg",
			"group" : "古歌云SCTO",
			"enable" : true,
			"udp_over_tcp" : false,
			"latency" : 69
		},
		{
			"remarks" : "香港 IEPL HKT | Netflix | 倍率 5x",
			"id" : "7B778AC6C03D7A0B143F920E77797BBD",
			"server" : "sz-hk.iepl.0010.fast-everyday.xyz",
			"server_port" : 8201,
			"server_udp_port" : 0,
			"password" : "IlIIlIllIlIIlIll",
			"method" : "chacha20-ietf",
			"protocol" : "auth_aes128_md5",
			"protocolparam" : "32980:LwkDO7",
			"obfs" : "http_simple",
			"obfsparam" : "11cba32980.189.cn",
			"remarks_base64" : "6aaZ5rivIElFUEwgSEtUIHwgTmV0ZmxpeCB8IOWAjeeOhyA1eA",
			"group" : "古歌云SCTO",
			"enable" : true,
			"udp_over_tcp" : false,
			"latency" : 84
		}
	],
	"index" : 18,
	"random" : false,
	"sysProxyMode" : 2,
	"shareOverLan" : false,
	"localPort" : 1080,
	"localAuthPassword" : "ck0LubjWLtSZ9ghR7Rfv",
	"localDnsServer" : "",
	"dnsServer" : "",
	"reconnectTimes" : 2,
	"balanceAlgorithm" : "LowException",
	"randomInGroup" : false,
	"TTL" : 0,
	"connectTimeout" : 5,
	"proxyRuleMode" : 2,
	"proxyEnable" : false,
	"pacDirectGoProxy" : false,
	"proxyType" : 0,
	"proxyHost" : null,
	"proxyPort" : 0,
	"proxyAuthUser" : null,
	"proxyAuthPass" : null,
	"proxyUserAgent" : null,
	"authUser" : null,
	"authPass" : null,
	"autoBan" : false,
	"sameHostForSameTarget" : false,
	"keepVisitTime" : 180,
	"isHideTips" : false,
	"nodeFeedAutoUpdate" : true,
	"serverSubscribes" : [
		{
			"URL" : "https://scto.subscribelink.xyz/link/yWDbCfArGvHtNuy7?sub=1",
			"Group" : "古歌云SCTO",
			"LastUpdateTime" : 1610660865
		}
	],
	"token" : {

	},
	"portMap" : {

	}
}